<?xml version="1.0" encoding="UTF-8"?>
<project-private xmlns="http://www.netbeans.org/ns/project-private/1">
    <editor-bookmarks xmlns="http://www.netbeans.org/ns/editor-bookmarks/2" lastBookmarkId="0"/>
    <open-files xmlns="http://www.netbeans.org/ns/projectui-open-files/2">
        <group>
            <file>file:/C:/Users/admin/Documents/Perpustakaan/src/perpustakaan/FramePengguna.java</file>
            <file>file:/C:/Users/admin/Documents/Perpustakaan/src/perpustakaan/Login.java</file>
            <file>file:/C:/Users/admin/Documents/Perpustakaan/src/perpustakaan/Beranda.java</file>
            <file>file:/C:/Users/admin/Documents/Perpustakaan/src/koneksi_db/Koneksi_DB.java</file>
        </group>
    </open-files>
</project-private>
